Client_ID,Site_ID,Site Name,Total Community Pages,Total Content Pages
1,10,SierraInteractive.com,22,71
1,128,SchulerBauer.com,"1,143","1,332"
1,147,YourSouthernRealty.com,15,43
1,161,BrelandGroup.com,21,54
1,182,JoeHaydenRealtor.com,"3,506","3,681"
1,234,AllHomesInLouisville.com,184,264
1,241,LouisvilleHomesFAST.com,426,573
1,251,BestOfKentuckyHomes.com,147,176
1,268,ViewLouisvilleHomes.com,76,148
1,299,KYSelectProperties.com,50,95
1,321,RiverValleyGroup.com,191,299
1,322,LouisvilleRealEstatePros.com,411,573
1,326,SmithWilson-Group.com,223,326
1,328,ShopLouisvilleKYHomesForSale.com,293,324
1,332,SierraResortRealEstate.com,127,174
1,359,AspireLouisville.com,538,722
1,362,MammothLakesProperties.com,"2,775","3,090"
1,403,NeltnerRealty.com,263,298
1,432,GreenTreeRealEstate.com,4,32
1,436,HomesInLouisville.com,"1,066","1,183"
1,491,MyHomeLexington.com,"1,044","1,099"
1,497,HomepageRealty.com,250,302
1,584,CinciNKYRealEstate.com,227,275
1,588,LouisvilleRealEstate.com,594,672
1,594,SierraSampleSite.com,10,57
1,644,FarabeeProperties.com,71,154
1,673,MettsREGroup.com,27,78
1,705,SierraCRM.com,,
1,855,LouisvilleHomeCenter.com,19,53
1,1116,WhitePicketKY.com,37,75
1,1162,SearchForLouisvilleHomes.com,79,291
1,1212,MaryLaytonGroup.com,146,218
1,1372,JPSold.com,21,81
1,1388,SnowCreekProperty.com,24,58
1,1396,TheChrisFoxGroup.com,86,192
1,1465,SlTest.website,,30
1,1579,GoTripleCrown.com,20,47
1,1599,SierraCrestRealEstate.com,11,38
1,1617,SierraSuccessTeam.com,,27
1,1702,CraneRealtors.com,"1,760","2,009"
1,1756,ExploreLexingtonKY.com,660,782
1,1855,JimmyWelch.com,277,308
1,2015,WelcomeToSierra.com,70,204
1,2019,RESolutions.Realtor,31,66
1,2200,ExploreLouisvilleListings.com,59,146
1,2366,SierraSellerPremier.com,1,27
1,2631,RealEstateGoTo.com,22,52
1,2648,GreaterLouisvilleHomes.com,21,55
1,2782,NeighborsGroup.com,20,46
1,2895,Reliance1Realty.com,23,110
1,2946,YourLouisvilleHomeSearch.com,20,47
1,2985,PoloRealEstateGroup.com,22,48
1,3056,IndianaHomesFirst.com,24,50
1,3087,SierraProDemo.com,58,99
1,3088,SierraAceDemo.com,22,52
1,3089,SierraExecDemo.com,19,46
1,3106,ExploringLouisville.com,274,314
1,3119,SlTest.xyz,,28
1,3344,Alter-Realty.com,13,39
1,4010,HatchCoaching-Testing.com,,
1,4136,SweetHomeKY.com,16,59
1,4158,ExtremeRE.com,11,34
1,4355,Ruuster.com,,23
1,4398,SoHoSold.com,27,61
1,4417,TheLocalAgents.com,24,74
1,4485,TheStillerGroup.com,27,70
1,4525,FirstSaturdayRE.com,21,52
1,4532,sisu.co,,
1,4720,LakeCumberlandKy.com,56,78
1,4920,LoppRealtors.com,22,48
1,5259,IcenhowerCoachingCRM.com,,
1,5356,RyanCecilRealtor.com,13,36
1,5582,CharlieButlerTeam.com,13,45
2,329,PanamaCityHomesOnline.com,467,492
2,427,BocaRatonRealEstate.com,366,612
2,544,AtchleyRealty.com,"3,991","4,168"
2,547,SarasotaFloridaRealEstate.com,759,829
2,571,LWRHome.com,322,"1,175"
2,643,EliteFlorida.com,234,354
2,662,BestOfEmeraldCoast.com,27,65
2,663,Manausa.com,284,376
2,666,BuyLakewoodRanch.com,196,"1,166"
2,699,MovingSouthwestFlorida.com,34,163
2,710,TreuGroup.com,"1,133","1,679"
2,718,ViewBrevardHomes.com,307,458
2,726,MyGulfCoastProperty.com,"1,012","1,436"
2,747,DoorBeeHomes.com,301,491
2,761,ProgramRealty.com,558,776
2,798,FloridaIsHome.com,"4,809","5,346"
2,806,LockettNetwork.com,33,340
2,842,LuisGarciaGroup.com,343,391
2,856,RealEstate-PalmHarbor.com,"1,593","1,773"
2,885,LiveTampafied.com,161,709
2,935,CentralFloridaHomeNavigator.com,105,182
2,990,HauteTeam.com,257,364
2,993,PinPointRealtyGroup.com,18,46
2,1068,TrueSouthCoastalHomes.com,361,419
2,1077,EastCoastFloridaRealEstate.com,104,138
2,1101,Florida-Keys.realestate,42,312
2,1167,YourTampaBayHomeInfo.com,72,266
2,1190,RaveisFlorida.com,324,531
2,1215,LoweHomeTeam.com,29,111
2,1249,HomeYouDreamOf.com,20,50
2,1300,BuyingBradenton.com,20,46
2,1301,TangentRealty.com,64,135
2,1306,TallPinesRealty.com,24,66
2,1315,ChadAndSandy.com,555,644
2,1369,ChenoreGroup.com,72,405
2,1373,KathyCongdon.com,21,113
2,1390,BuySouthwestFlorida.homes,42,80
2,1424,CardonaHomes.com,24,81
2,1425,EveBrocksFloridaRealty.com,13,39
2,1430,AvenueFlorida.com,30,229
2,1440,LivingCentralFL.com,"2,284","2,340"
2,1460,RonSellsTheBeach.com,"1,717","1,815"
2,1484,SarasotaSearch.com,29,120
2,1570,PrimeDen.com,15,70
2,1588,YourHomeSoldbyRedmanGroup.com,40,234
2,1595,BrianCoffeyFlorida.com,23,49
2,1607,DenovoRealty.com,28,168
2,1630,MarketConnectRealty.com,"5,096","5,266"
2,1653,ExitRealtyPalmBeach.com,726,940
2,1705,5thHomes.com,23,61
2,1736,LifestyleRealtyFL.com,34,69
2,1740,BuyAndSellSouthFlorida.com,23,77
2,1777,LiveSellFL.com,"1,721","1,858"
2,1782,FloridaRealEstateCentral.com,"1,457","1,593"
2,1802,AliceCooperTeam.com,572,698
2,1837,EnglishRealEstateGroup.com,40,111
2,1838,InnovaRealtors.com,12,46
2,1860,MHodgeRealty.com,88,167
2,1877,PalmanoGroup.com,26,75
2,1893,EmeraldCoastal.com,323,367
2,1896,HomesOfSarasota.com,71,123
2,1933,MarkHillerSells.com,44,96
2,1960,PensacolaHomesForSale.com,21,61
2,1972,NewHomeFuture.com,538,571
2,1980,HansenTeamPensacola.com,22,52
2,1993,HelloPelican.com,216,277
2,2003,SEFloridaHomeHunters.com,51,79
2,2020,TampaTeamTLC.com,153,289
2,2023,PortalRE.com,33,144
2,2036,LuxSouthFloridaHomes.com,72,147
2,2042,DestinPropertyExpert.com,842,936
2,2063,SoldbyStones.com,399,550
2,2076,HeidiFuchs.com,24,118
2,2089,TheHaighGroup.com,13,90
2,2103,DiscoverHomesMiami.com,"1,815","2,188"
2,2160,BlueprintGroups.com,25,54
2,2177,QuanSellsPalmBeach.com,21,50
2,2183,TheGroupLeon.com,21,68
2,2195,HomesByTheGulf.com,34,60
2,2208,HomesForSaleInc.com,33,63
2,2226,SearchVeroBeach.com,29,117
2,2252,ECBeachHomes.com,21,44
2,2263,YourServiceRealty.com,30,122
2,2268,OrlandoHomes.io,18,51
2,2357,VeroBeachListings.com,266,372
2,2403,ResidentialRalph.com,"1,008","1,065"
2,2421,OrlandoFloridaRealty.com,249,343
2,2422,ViewJaxHomes.com,48,207
2,2452,BestHomesOrlando.com,26,73
2,2464,PalmParadiseRealty.com,"2,126","2,503"
2,2498,904HomeGuide.com,33,102
2,2512,TampaBuyersBroker.com,268,354
2,2513,TampasBestRealty.com,30,124
2,2554,TheGulfCoastIsMyHome.com,519,559
2,2594,LarsonSold.com,"4,673","4,842"
2,2598,WestPremierHomeGroup.com,34,163
2,2669,ViewEmeraldCoastProperty.com,16,139
2,2701,AlfredRobbins.com,79,250
2,2708,ElizabethSorensen.com,860,908
2,2761,SarasotaPropertySales.com,33,122
2,2841,TheTurnerGroup.com,26,96
2,2903,AddressesInParadise.com,14,40
2,2911,OrlandoRealEstateChicks.com,14,57
2,2950,TheFitchTeamSWFL.com,26,62
2,2951,StellarRealEstate.com,32,125
2,2969,BritenTeam.com,22,58
2,3000,GreaterFtMyers.com,"1,863","1,979"
2,3061,BBHomeExperts.com,5,31
2,3069,iOrlandoRealEstate.com,21,47
2,3086,CoastalLuxuryPartners.com,21,53
2,3104,MatildeSorensen.com,340,368
2,3115,FloridaPropertySearch.com,19,70
2,3128,OcalaPropertySearch.com,16,44
2,3150,GittSoldIt.com,22,117
2,3175,SunshineSherry.com,22,61
2,3225,ReidRealEstateSolutions.com,10,36
2,3279,SetSailRealty.com,217,263
2,3347,PlatinumHomesFortLauderdale.com,32,56
2,3387,BeachesResidentialRealestate.com,79,193
2,3395,SheilaHolmesSellsHomes.com,22,45
2,3408,SoldByLaurie.com,136,200
2,3414,PattersonGroupRealEstate.com,27,51
2,3433,FineLivingGroupFL.com,21,58
2,3526,HighlandBeachFlCondos.com,59,81
2,3604,PennyBerg.com,16,38
2,3606,SkyRiseLab.com,384,449
2,3630,ExploreNaplesListings.com,25,50
2,3638,LivLasOLas.com,21,65
2,3663,MyFloridaInsider.com,23,87
2,3675,HomeSoldFlorida.com,115,231
2,3681,EliteMiamiProperty.com,353,382
2,3682,YourHomeSoldGuaranteedSWFlorida.com,28,125
2,3785,DaytonaLuxuryRealEstate.com,546,694
2,3850,SearchNortheastFLHomes.com,11,33
2,3900,CardinalMiami.com,1,27
2,3912,ParklandParrot.com,83,117
2,3932,GetCoastalNow.com,22,52
2,3959,LocalLifeHomes.com,23,46
2,3989,NavarraTeamRealty.com,17,40
2,4085,PorchLight-Fl.com,19,41
2,4094,SouthernAssociatesRealty.us,12,36
2,4095,PropertyPeopleFlorida.com,9,56
2,4116,VolusiaCoRealEstate.com,6,28
2,4117,ShandaLambRealtor.com,28,53
2,4148,PepineRealty.com,337,417
2,4157,PremierHomesOfSWFlorida.com,22,44
2,4175,BuyMarco.com,23,404
2,4198,C21IntegraFlorida.com,10,56
2,4205,TheKranzGroup.com,80,106
2,4213,FindYourHomeSWFL.com,20,43
2,4236,ListingsWithKris.com,17,51
2,4241,MyMXRealty.com,21,84
2,4246,PalmMartin.com,"2,082","2,176"
2,4266,PelicanTeam.com,248,278
2,4318,CentralFLHomeFinders.com,46,68
2,4319,IslaRE.com,15,40
2,4320,DicusHarrisonRealty.com,65,89
2,4334,CoastalPalmsRealty.com,"1,618","1,750"
2,4339,SellingSouthFloridaHomes.com,681,734
2,4356,TheIzzoTeam.com,13,40
2,4380,HighlandBeachHomeFinder.com,19,41
2,4388,SearchAllSouthwestFlorida.com,16,40
2,4396,SarasotaNewHome.com,26,70
2,4425,SarasotaHomeHunting.com,11,33
2,4498,FloridaCondoFinder.com,"1,030","1,095"
2,4509,EquityRealty.com,"4,834","7,853"
2,4521,ViewHomesInSouthFlorida.com,132,213
2,4540,MirandaRealEstateGroupFlorida.com,21,46
2,4550,1031ExchangeRealty.com,24,50
2,4566,WolfeTeamRE.com,14,36
2,4583,OcalaHomesAndFarmsRealty.com,24,47
2,4584,BlueRealtyAgent.com,21,43
2,4603,PickettFencesRealty.com,89,160
2,4642,DiscoverFloridaHouses.com,15,83
2,4704,YourHomeSoldGuaranteedSouthFlorida.com,23,96
2,4728,FirstCoastCollective.com,22,47
2,4735,FloridaSearch.com,"2,860","2,941"
2,4747,GarryNeeves.com,"2,266","2,340"
2,4758,JustFloridaHomes.co,23,53
2,4762,SearchFloridaHomes.com,20,63
2,4777,AccessFloridaTeam.com,127,149
2,4823,SantosREGroup.com,21,50
2,4872,FrontlineHomeGroup.com,13,36
2,4892,PalmBeachListings.io,,27
2,4966,OgleLuxuryGroup.com,11,36
2,4973,DavidLiberatore.com,"6,685","7,893"
2,4997,SKSellsFlorida.com,42,71
2,5015,CoastalCarlaRealtor.com,20,48
2,5020,CapeCoralCasas.com,20,42
2,5031,letsgoREALTY.com,30,53
2,5052,RyanParkerSoFlo.com,12,35
2,5064,GreatLifeFL.com,19,44
2,5072,ViewPanhandleProperties.com,22,45
2,5077,StarSellsByTheSea.com,23,74
2,5096,HomesAndDocks.com,44,85
2,5108,AnsonProperties.com,19,49
2,5111,WestonGroupRealty.com,18,40
2,5143,LivingInLakeWoodRanch.com,44,90
2,5173,97Park.com,21,43
2,5191,BocaRatonAreaHomesForSale.com,28,51
2,5198,BuyWithLuker.com,22,44
2,5205,TeamBorham.com,28,101
2,5217,TheLiveNowTeam.com,18,40
2,5230,DiscoverPuntaGorda.com,33,70
2,5284,RealFloridaParadiseHome.com,21,45
2,5292,WinterParkLuxury.com,21,43
2,5324,TampaBayHome.com,135,191
2,5327,NaplesCoastalConnection.com,21,43
2,5334,EXITRealtyDelray.com,9,31
2,5378,PerfectPlaceTeam.com,21,48
2,5432,HorizonWestRealtyLLC.com,22,45
2,5465,TroupRealEstate.com,21,43
2,5470,ScottSchneiderGroup.com,21,44
2,5509,K2SellsFlorida.com,22,65
2,5535,LynnsBeachHomes.com,20,43
2,5539,YourAgentRobin.com,32,81
2,5546,LuxLiving30A.com,21,43
2,5552,LalanneLuxuryGroup.com,18,63
2,5553,DarleneStreitFlorida.com,21,43
2,5609,GPRTY.com,14,36
2,5610,HitchcockProps.com,94,117
2,5634,RobinChandlerHartGroup.com,28,55
2,5658,SearchFLAMLS.com,450,477
2,5668,SECoastalGroup.com,22,44
2,5672,FostersRealty.com,25,47
2,5678,McConnellAndAssociates.com,44,68
2,5698,ArmadaTeam.com,26,63
2,5705,SteveRennick.com,"3,992","4,119"
2,5725,Anton.realestate,42,64
2,5740,FloridaPanhandleRealtor.com,11,43
2,5762,SearchBroward.com,9,31
2,5775,KatyKellyHomes.com,16,38
2,5787,3AvesGroup.com,21,43
2,5792,AceRealtyAssociates.com,20,44
3,356,OmahaRealEstate.com,786,832
3,369,TheDenverRealEstateBroker.com,58,167
3,486,TheHomeCart.com,"1,157","1,238"
3,574,CalNevaRealty.com,"2,073","2,275"
3,625,FlatWaterRealty.com,"8,348","8,924"
3,626,BrownellTeamRealtors.com,211,311
3,647,OmahaRealEstateShop.com,21,53
3,653,ModusRealEstate.com,51,87
3,667,LiveLoveMissouri.com,388,497
3,669,ArizonaRealEstate.com,"7,443","7,539"
3,689,PhoenixHomeHunters.com,25,58
3,725,SmartDenverHomeSearch.com,159,202
3,734,ViewCDAHomes.com,30,60
3,740,AmySold.com,21,71
3,741,AndrewFinneyTeam.com,"1,149","1,249"
3,742,SeeVegasHomes.com,"1,034","1,185"
3,745,MissyAshcraft.com,18,56
3,784,TheMorcomGroup.com,31,70
3,786,SearchTellurideSothebysRealty.com,28,58
3,824,FindAllRenoHomes.com,26,56
3,841,AshfordRealtyGroup.com,135,316
3,854,KennethJamesRealty.com,"2,797","2,869"
3,900,TucsonYes.com,23,70
3,1005,NewMexico.properties,32,112
3,1063,REDreamHomeProject.com,43,83
3,1140,WiserHomeSearch.com,30,93
3,1149,HunterChaseRealty.com,21,49
3,1155,TroyHansford.com,26,53
3,1156,SeeAllFargoHomes.com,5,34
3,1172,LocalRealtyLV.com,21,78
3,1183,BoulderHomeSource.com,"1,603","1,820"
3,1211,WingmanRE.com,35,380
3,1221,VegasParadiseHomes.com,117,240
3,1277,ColoradoNewRealEstate.com,24,53
3,1323,AdvancedHomeGroup.com,104,220
3,1343,TheUtahHomes.com,42,201
3,1352,EdPrather.com,61,100
3,1385,NevadaRealEstateGroup.com,"7,898","8,252"
3,1404,ZoomUTAH.com,72,174
3,1421,CedarCityOnline.com,270,367
3,1438,StartPackingIdaho.com,"1,048","1,376"
3,1447,LoveMidMO.com,31,99
3,1474,MarcusSells.com,20,70
3,1477,COSpringsHomeSearch.com,21,49
3,1531,RealtyBillings.com,20,75
3,1551,UintahBasinRealtors.com,37,66
3,1558,LasVegasLocalLiving.com,41,134
3,1567,Team1740.com,27,113
3,1572,ZTeamAz.com,37,157
3,1590,StroudAndAssociates.com,83,144
3,1597,SteamboatSprings-RealEstate.com,377,536
3,1608,NorthcapResidential.com,25,95
3,1621,DurangoHomesForSale.com,485,587
3,1648,ReferredRealtyGroup.com,15,70
3,1657,BestUtahProperty.com,42,146
3,1673,AscendRealty.net,24,100
3,1675,TotalVegasRealEstate.com,825,925
3,1687,HousesInOmaha.com,146,179
3,1688,TheChadWilsonGroup.com,174,340
3,1710,ChanceCaseyGroup.com,21,48
3,1744,RevistaRealty.com,30,100
3,1765,St-George-RealEstate.com,93,356
3,1792,OxfordRealtyFM.com,22,75
3,1803,SellsMHK.com,28,137
3,1806,BuySellNevadaHomes.com,"1,029","1,150"
3,1819,HarperHomes.com,22,50
3,1821,ApplebaumKC.com,29,131
3,1828,DTPropertiesCo.com,36,123
3,1881,SpringsHousesOnline.com,36,62
3,1883,AspenValleyProperty.com,51,120
3,1891,AZandAssociates.com,13,52
3,1971,FindingLasVegasHomeListings.com,28,76
3,1984,LoveKanab.com,24,127
3,2035,HernHomes.com,32,99
3,2128,FarrisTeam.com,58,110
3,2132,ParkCityLuxuryRealEstate.com,334,368
3,2174,UtahLifeStyle.com,31,130
3,2238,BigHelperGroup.com,"3,761","3,889"
3,2242,WayPointIdaho.com,"1,105","1,143"
3,2294,ExploreOkobojiHomes.com,21,108
3,2314,WexlerRealEstate.com,21,50
3,2324,MountainRoseRealty.co,25,138
3,2352,VWPHomes.com,49,93
3,2356,CSpringsLiving.com,26,112
3,2396,ChristopherDunson.com,26,136
3,2402,BuyRealEstateInVegas.com,5,42
3,2443,RealEstate1LasVegas.com,21,53
3,2446,YourHomeYourLoan.com,30,124
3,2478,TSGKCHomes.com,21,47
3,2496,MarkHaaga.com,35,124
3,2535,HomesInBoise.com,10,48
3,2566,TheBreckLife.com,762,928
3,2610,KittleRealEstate.com,"11,461","11,605"
3,2611,ZRealEstate.com,40,114
3,2612,SearchLasVegasAreaHouses.com,21,47
3,2614,MrSantaFeRealEstate.com,109,172
3,2624,ViewSpringfieldRealEstate.com,26,86
3,2643,UrbanCoolHomes.com,600,640
3,2667,HomesForSaleOmaha.com,18,40
3,2677,WillCarterTeam.com,27,95
3,2685,TenaciousRealty.com,20,49
3,2696,CrainRealtyStl.com,,
3,2703,BuySellHomesManhattanKS.com,16,45
3,2705,Performance-RealEstate.com,35,138
3,2746,TheBrileyTeam.com,34,75
3,2764,TaylorGroupOnline.com,23,47
3,2771,SunshineTeam.co,30,110
3,2840,DenverMetroHomeHub.com,24,71
3,2861,KennaRealEstate.com,"16,246","17,810"
3,2865,NoCoGroupRealty.com,20,43
3,2870,MelanieJensenRealEstate.com,31,121
3,2912,TheGellmanTeam.com,189,467
3,2945,VegasNVProperty.com,14,40
3,2974,UtahHomeReview.com,25,72
3,2975,TheVegasAgent.com,29,121
3,2989,HeidiIsYourAgent.com,15,46
3,3022,SearchCommunityHomes.com,21,65
3,3064,BuyAndSellMontanaHomes.com,47,79
3,3070,LiveTheNorthIdahoLife.com,17,49
3,3095,SummitRealEstate.com,27,236
3,3146,ForSaleInCedarCity.com,38,65
3,3165,JonesAndHomes.com,27,97
3,3174,ExitMosaicRealty.com,194,373
3,3214,HomesForSaleInKC.com,60,114
3,3219,RetireBetterNow.com,"8,212","8,934"
3,3241,85086RealEstate.com,20,53
3,3325,MidwestInvest.com,10,34
3,3326,ParkCityRealtyGroup.com,113,135
3,3335,ManifestDreamTeam.com,48,73
3,3367,ListItFor3Realty.com,21,54
3,3382,AllAzHouses.com,23,47
3,3384,CantrellRE.com,42,72
3,3393,SearchArizonaHomesForSale.com,375,518
3,3437,LauraWillisRealEstate.com,219,279
3,3475,ClearSkyProfessionals.com,24,92
3,3489,LiveUtah.com,28,64
3,3503,ColoradoDreamHouse.com,22,45
3,3508,PremiumAZHomes.com,35,60
3,3596,SymbioDenver.com,30,92
3,3648,JeffReal.com,58,166
3,3686,LizCrews.com,22,44
3,3794,TheHomeSolutionTeam.com,24,68
3,3807,AskCathy.com,141,421
3,3808,ListingsInAZ.com,21,43
3,3820,TheMedranoGroup.com,76,137
3,3835,TKRKC.com,22,47
3,3844,DylanPhillipsHomeTeam.com,23,66
3,3864,ColoradoHousesForSale.com,20,45
3,3954,Elko-Homes.com,22,71
3,3960,CasaUnionRealty.com,15,64
3,3983,LarsonHomeRealty.com,27,91
3,4013,TheDonnerGroup.com,23,54
3,4061,PerfectHomeRealtyLasVegas.com,32,76
3,4131,TheRTGTeam.com,21,48
3,4138,RenoTahoeNVListings.com,17,42
3,4142,RealVegasLiving.com,28,52
3,4163,BridgestoneHomes-Phoenix.com,14,57
3,4166,MattSmithRealEstateGroup.com,24,54
3,4178,GoColumbiaRealty.com,14,36
3,4185,BoisePGRE.com,10,35
3,4202,PagosaRealEstate.com,20,49
3,4204,ARRTofRealEstate.com,21,46
3,4207,BRGUT.com,19,43
3,4221,ImagineUtahLiving.com,21,46
3,4263,CallisonGroupIdaho.com,972,"1,026"
3,4283,HeartlandNetwork-MidMo.com,35,78
3,4292,RenoHomesNV.com,17,43
3,4308,BuildIdaho.com,"9,337","9,788"
3,4322,TheArendTeam.com,47,121
3,4366,LREGNV.com,21,44
3,4391,SearchNorthDenverHomes.com,11,34
3,4407,ID-FL-RealEstate.com,14,36
3,4468,YourElkoRealtor.com,21,43
3,4492,KeyeTeam.com,475,522
3,4499,MichelleEvansRealEstate.com,,
3,4536,BrendaAllenGroup.com,19,41
3,4559,JustSayHomeKC.com,327,361
3,4575,BestCSHomes.com,164,238
3,4579,VegasHomeNetwork.com,67,101
3,4586,TucsonArizRealEstate.com,406,474
3,4615,RealProsNM.com,53,126
3,4618,TheKhavariGroup.com,21,43
3,4651,MottoMortgage.com,,
3,4667,AspireRealtyAgents.com,18,41
3,4697,StellerRealEstate.com,842,899
3,4701,NewMexicosFinestRealEstate.com,20,42
3,4736,CountOnResults.com,16,45
3,4737,HomesByBrianThompson.com,58,112
3,4757,RelocateToSunnyStGeorge.com,162,204
3,4761,TheIgniteTeam.com,21,43
3,4815,BandBRealEstateGroup.homes,23,66
3,4822,ListPhx.com,23,47
3,4846,HartRES.com,403,483
3,4852,RenoNVPropertySearch.com,282,313
3,4856,SoldByPignatello.com,24,70
3,4857,KeyToClosed.com,22,67
3,4874,SoldByBowers.com,16,59
3,4877,WMAZRealEstate.com,21,45
3,4883,SheltonGroupLV.com,24,67
3,4885,801Realtors.com,46,68
3,4887,REHomeAZ.com,13,45
3,4889,PoudreRealty.com,23,49
3,4895,AndersonGroupAZ.com,22,65
3,4903,VerticalHomeGroup.com,21,43
3,4923,BrunoSellsArizona.com,21,43
3,4928,SoldByPutman.com,13,56
3,4929,EvansTeamUtah.com,8,32
3,4932,KAllanLVRE.com,19,41
3,4939,GonzalesEquityGroup.com,21,43
3,4954,LegacyRealEstateTeam.com,27,76
3,4964,SearchLasvegasNV.com,24,67
3,4977,SinghAndAssociatesKC.com,43,65
3,4980,HatchCoaching-3.com,,
3,4989,GardnerGroupRealtors.com,769,836
3,4996,REMAXPros.net,21,43
3,5033,MattisonHomeTeam.com,21,43
3,5053,BozemanBigSkyHomes.com,21,44
3,5055,VentureHomeGroup.com,22,60
3,5056,StoryRealEstate.com,12,41
3,5079,FindCoHomeSnow.com,1,23
3,5082,LasVegasRealEstate.org,573,674
3,5085,VacationHomesForSaleColorado.com,100,137
3,5105,BuyOrSellVegas.com,21,43
3,5130,PremierColoradoProperty.com,71,116
3,5157,DRGSTL.com,202,228
3,5159,HomesWithShae.com,17,42
3,5176,FindAHomeInSiouxFalls.com,29,58
3,5182,IconicPRP.com,21,43
3,5187,BTDynamicRealty.com,22,44
3,5193,MagnusonRealEstate.com,15,59
3,5200,TornettaHomes.com,35,59
3,5227,BlackDiamondMontana.com,18,41
3,5229,LookoutParkCity.com,112,162
3,5233,LockboxLasVegas.com,39,61
3,5241,LiveBetterInLasVegas.com,102,127
3,5245,RJGHomes.com,24,71
3,5246,SoldByRucker.com,12,55
3,5248,PremierPhoenixHomeSearch.com,24,67
3,5274,TheJakobovGroup.com,19,62
3,5281,DesioRealtyGroup.com,25,68
3,5287,ParkCityRealEstate.com,160,210
3,5289,HomesInStGeorgeUT.com,16,40
3,5296,AZRealEstateInfo.com,16,38
3,5300,NMHomies.com,15,58
3,5303,FindingHomeLasVegas.com,20,44
3,5305,JoinDansTeam.com,1,23
3,5307,AlexRichland.com,12,34
3,5314,ReaLifeHome.com,21,43
3,5320,PeirsonAspenHomes.com,14,37
3,5328,TheSteveGTeam.com,1,23
3,5331,PhoenixAreaHouseSearch.com,18,61
3,5342,UltimateVegasHomes.com,25,56
3,5344,AdamsFamilyRealty.com,22,44
3,5352,NewWichitaListings.com,30,59
3,5361,BestArizonaHomeFinder.com,24,69
3,5369,GetHoused.com,18,61
3,5370,CerveraSells.com,17,94
3,5376,I25Homes.com,31,54
3,5377,PerfectFitRealtors.com,20,87
3,5389,ParkCityHomesAndLand.com,21,43
3,5395,MoffettGroupRE.com,41,68
3,5404,BuyLasCruces.com,26,48
3,5409,UnityGroupRealEstate.com,15,37
3,5441,HomesByTashaGoins.com,19,62
3,5444,TheHeedGroupLV.com,21,43
3,5452,AZLuxHomePros.com,21,43
3,5453,SheridanRealEstateGroup.com,21,45
3,5464,FindMyLakeHome.com,25,47
3,5474,CoxAndCoRealty.com,20,44
3,5477,DesireeCosbyHomes.com,23,66
3,5483,PhoenixAreaHomeListings.com,26,92
3,5484,LivingParkCityUtah.com,32,92
3,5487,EricKarlene.com,11,54
3,5488,KansasCityPropertyChicks.com,20,42
3,5495,WiseListing.com,16,61
3,5500,AntiochRealty.co,18,41
3,5505,PropertyByPrime.com,25,50
3,5508,AZHomesToday.com,2,24
3,5540,TheLanderTeam.com,21,48
3,5550,SoldTeamAZ.com,31,53
3,5554,PHXLuxuryHomes.com,21,43
3,5556,DavidAllayev.com,17,39
3,5559,EastValleyHomeHunt.com,14,58
3,5578,PrescottGolfHomes.com,10,38
3,5580,LeannaSellsHomes.com,28,60
3,5593,EZHomeSeller.com,22,71
3,5607,MerakiRG.com,22,49
3,5608,TucsonAZRealEstate.com,"4,138","4,233"
3,5619,FindYourVegasHome.com,246,281
3,5627,WhyStroud.com,,
3,5631,ArizonaRealtorPros.com,15,60
3,5638,HouseHuntersOfIdaho.com,17,39
3,5647,NoahGardnerHomes.com,11,33
3,5657,iSellBoiseHomes.com,14,36
3,5664,NorthstarRealtyKC.com,24,46
3,5680,GagolaHomes.com,21,43
3,5682,TheValleyAgentsGroup.com,1,23
3,5683,DaniBeyerRealEstate.com,19,43
3,5690,TheSunsetLivingTeam.com,22,47
3,5692,RobertsRealEstateArizona.com,27,70
3,5693,ListWithLooney.com,4,26
3,5695,UtahHomeRealty.com,18,40
3,5700,FtLeonardWoodHomeSearch.com,21,44
3,5708,MyYumaRealty.com,1,23
3,5729,PropertyCrushers.com,17,39
3,5731,PhoenixLocalRealEstate.com,17,40
3,5742,ParkCityPowderRetreats.com,17,41
3,5746,BestAZPhoenixHomes.com,21,54
3,5755,RealtyOfNevada.com,24,67
3,5763,GriffinSold.com,20,44
3,5769,AltitudeRealtyCO.com,21,44
3,5773,ExploreSouthernUtah.com,109,139
3,5782,TheAZLiving.com,27,70
3,5783,HimmelHomeCo.com,23,45
3,5807,AZHomeWithZach.com,20,64
4,465,BrasadaRanchListings.com,16,44
4,532,SanDiegoHomeFinder.com,"1,016","1,159"
4,595,SantaBarbaraHomes.com,322,388
4,601,BayAreaModern.com,"1,449","2,071"
4,614,PropertyInSantaCruz.com,"1,084","1,396"
4,814,Condosetc.com,320,461
4,845,TourHomes.com,654,783
4,968,ViewNorCalHomes.com,32,112
4,1003,CanyonToTheCoast.com,27,65
4,1041,TheLupercioGroup.com,20,46
4,1062,DomoRealEstate.com,123,375
4,1078,TheBrasilGroup.com,483,709
4,1093,LookForOCHomes.com,20,48
4,1102,RubyHome.com,"5,437","5,636"
4,1104,LookingForSanDiegoHomes.com,11,89
4,1178,RemaxVertex.com,44,217
4,1192,RobenRealEstate.com,19,61
4,1210,REAgentExpert.com,21,54
4,1245,RyanSchrammRE.com,21,55
4,1265,TuscanaProperties.com,422,625
4,1267,TheCartierSandersTeam.com,21,48
4,1268,TheFriedrichTeam.com,34,84
4,1269,BakerDeJongHomes.com,20,59
4,1276,NickPhillipsProperties.com,"1,683","1,862"
4,1302,Jacob.realtor,429,463
4,1326,DanaAndJeffEstates.com,115,257
4,1366,BestSacramentoHomes.com,65,112
4,1406,NextLevelHomeSearch.com,13,48
4,1415,TheCaliforniaHomeFinder.com,35,132
4,1436,JodyCleggTeam.com,41,97
4,1469,NorthSDHomeFinder.com,21,49
4,1473,CayAndCarlyHomes.com,21,47
4,1522,BestSoCalHomeFinder.com,40,69
4,1539,KevinDaSilvaGroup.com,35,148
4,1546,ThinkRealEstateGroup.com,51,192
4,1549,AllSFRealEstate.com,36,224
4,1559,RealEstate-Sacramento.net,45,249
4,1563,DennisMaynard.com,39,257
4,1575,YourHomeInSiliconValley.com,81,170
4,1625,AndyDaneCarter.com,27,68
4,1633,LosAngelesRealEstateHomepage.com,6,87
4,1672,TheKinoshitaGroup.com,55,165
4,1692,BryceSchumacher.com,33,163
4,1697,HalSousa.com,14,41
4,1729,CaliforniaHouseHunt.com,20,66
4,1763,EastSanDiegoCounty.com,22,119
4,1784,AliceLema.com,102,225
4,1832,CaliberRE.net,27,135
4,1843,RealmOC.com,28,125
4,1862,AudreyandAniHomes.com,23,97
4,1922,SoldBySimsHomesearch.com,22,49
4,1942,FresnoHomeListings.com,23,266
4,1964,ImpactCA.com,22,53
4,1974,TheTopResultsGroup.com,23,68
4,1981,TheSB-group.com,18,64
4,2037,HankGreer.com,33,120
4,2041,Stott.com,75,130
4,2061,ViewMyOCHome.com,21,51
4,2072,CreeseTeam.com,15,41
4,2100,WireAssociates.com,43,99
4,2109,DwellHawaii.com,249,318
4,2119,UrbanOahu.com,29,75
4,2139,SpousesSellingHousesCA.com,32,106
4,2152,ErickaMcAbee.com,34,100
4,2176,BeachEquities.com,28,89
4,2180,SoilRE.com,24,113
4,2194,RobertMackGroup.com,31,128
4,2296,OrangeCountyRealEstateServices.com,21,62
4,2304,RebeccaRealtor.com,142,241
4,2344,TheCamaraGroup.net,34,108
4,2350,ExploreEastBayHomes.com,551,683
4,2364,PhilandStella.com,31,102
4,2417,DaileyByTheSea.com,39,140
4,2430,NorCalReal.com,41,131
4,2441,TracyTangHomes.com,21,73
4,2461,OrianaShea.com,30,63
4,2468,WhiteSailRE.com,17,45
4,2477,BenBelack.com,30,132
4,2484,HurdHomesRE.com,33,65
4,2488,ViewSLOHomes.com,24,93
4,2499,JamesRenfro.com,21,57
4,2514,TheMandjekGroup.com,6,41
4,2520,AhuKocaballi.com,10,94
4,2527,VeroMejia.com,23,58
4,2595,YourBayAreaREAgent.com,26,91
4,2597,SanDiegoRealEstateHunter.com,"4,966","5,050"
4,2630,DestryAndShelleyRealEstate.net,15,94
4,2664,MyBeachTeam.com,42,176
4,2684,Fieman.com,13,49
4,2692,EverySanDiegoHome.com,26,121
4,2734,RenerTeam.com,28,59
4,2736,HawaiiHomes.io,100,137
4,2749,LiveOnTheBigIsland.com,38,76
4,2756,TeamWongHawaii.com,20,69
4,2779,PearsonCusackRealEstateGroup.com,49,133
4,2795,ODonnellRealEstate.com,22,75
4,2805,HiEstates.com,160,221
4,2815,Matthew-Reyes.com,13,41
4,2819,SearchCaliHomes.com,47,98
4,2849,OxnardHarborHomes.com,19,51
4,2862,AlwaysYourRealtor.com,23,80
4,2927,CaliforniaHousesForSale.com,27,118
4,2938,PropertySourced.com,121,191
4,2942,AgentKee.com,19,60
4,2988,MeghanAndChristine.com,22,67
4,3005,YourHomeSoldGuaranteedLA.com,21,50
4,3014,ownLA.homes,34,103
4,3020,SouthBayLAFineHomes.com,64,171
4,3041,TeamTackney.com,53,84
4,3066,SoldByGarrison.com,76,203
4,3118,HighrisesCondos.com,"4,951","5,060"
4,3180,Search-DanChoiRealEstate.com,24,50
4,3183,IslandPremierRealty.com,21,48
4,3227,TheGroupLeonLA.com,24,70
4,3257,ViewVenturaCountyHouses.com,20,63
4,3303,RiseRealtyCA.com,680,788
4,3323,PaulRealtyTeam.com,35,179
4,3337,D2RHawaii.com,208,277
4,3396,PaulSalazarGroup.com,,
4,3446,NateButcher.com,25,50
4,3447,JulietLalouel.com,27,51
4,3458,HetzelHomes.com,8,30
4,3469,LuxuryLivingHi.com,15,37
4,3599,HappyAgentTeam.com,21,49
4,3655,Luis-Gonzalez.Com,22,45
4,3684,YourHomeSoldGuaranteedRealtyLegends.com,23,278
4,3685,BuyOrSellLA.com,22,72
4,3690,ThePeekTeam.com,21,45
4,3699,EstateOfGrace.com,18,40
4,3704,StJulienRE.com,21,48
4,3741,MokhaRealEstate.com,19,41
4,3818,KatinkaGoertz.com,23,47
4,3824,Avenue23.net,26,52
4,3854,MasivRealEstate.com,248,292
4,3880,CAHomeCollective.com,57,115
4,3925,EdgarCuevasTeam.com,24,98
4,3937,BHRYC.com,8,30
4,3965,AceSiteTemplate.com,,23
4,4023,HomesByBradDhesi.net,21,43
4,4029,JettRealEstate.com,528,574
4,4089,ResilienceRealtyGroup.com,21,46
4,4101,VillaGroupMaui.com,189,257
4,4137,CasaRoblesRealty.com,21,46
4,4147,MrWestside.com,451,492
4,4149,JonVasquezBigBear.com,21,44
4,4169,VismarRE.com,23,45
4,4239,CorrieLuxuryHomes.com,80,117
4,4268,FocusRealEstateTeam.com,38,82
4,4310,DavidCao.homes,19,41
4,4338,ValIves.com,21,56
4,4368,SunStatesRealty.com,41,87
4,4402,R3Realtors.com,47,111
4,4408,HernandezTeamLA.com,105,127
4,4464,CarlyAndersonHomesSD.com,26,49
4,4467,RealEstateForSaleSF.com,27,49
4,4538,TotalSoCalHomes.com,"6,137","6,671"
4,4544,BlueprintREA.com,24,68
4,4557,MorganGroupRealEstate.com,19,46
4,4577,TheEliteEstatesGroup.com,20,42
4,4599,JNSInvestmentsGroup.com,19,47
4,4606,ShastaHomesNow.com,23,49
4,4623,DesilvaRealtyGroup.com,14,58
4,4628,DomicileRE.com,2,32
4,4664,MikeAqrawi.com,18,44
4,4681,DianaFalter.com,15,39
4,4685,HomeownerExperience.com,214,349
4,4731,SeaportRealtors.com,21,43
4,4738,SDHomeGuide.com,"4,950","5,265"
4,4779,Shores-Group.com,24,52
4,4783,TheNajarGroup.com,1,23
4,4787,MarkMcDonoughTeam.com,21,43
4,4798,GoloveyRealEstate.com,21,45
4,4833,LaFleurRealEstateInc.com,21,43
4,4847,Frank4RE.com,19,66
4,4854,AguiarHomes.com,20,45
4,4881,OrangeCountyAreaProperties.com,21,43
4,4937,E3Realty-Homes.com,19,45
4,5010,ShaneCabrera.com,18,40
4,5017,PondTeamRealEstate.com,23,46
4,5039,SusieSchechtman.com,32,55
4,5040,AlexMongolov.com,17,39
4,5118,SearchGolfHomes.com,155,184
4,5184,LiveLoveMalibu.com,"2,144","2,182"
4,5197,SDHomesAndLand.com,79,125
4,5223,FindHomesForMe.com,21,43
4,5225,CountryRealEstate.com,14,43
4,5238,GForceTeam.com,10,36
4,5247,LugoTeam.com,13,36
4,5267,LeanaHawaii.com,50,72
4,5354,LiveSoCalLife.com,21,47
4,5398,SanDiego-HomesForSale.com,21,43
4,5414,SanDiegoHomesLife.com,21,43
4,5418,Millennials-Home.com,13,35
4,5420,KMRealEstateTeam.com,21,44
4,5449,Watson-Team.com,23,46
4,5479,Argca.co,39,65
4,5514,VIPServiceRealty.com,42,65
4,5527,PeterPiccione.com,21,43
4,5528,TheLuxEliteGroup.com,24,67
4,5597,JarredSellsSanDiego.com,21,44
4,5730,YourHomeTeamSD.com,20,46
4,5756,RiederHomes.com,21,43
5,597,AmyKite.com,"8,126","8,191"
5,1025,TheYLG.com,30,116
5,1117,GRHomes.net,323,420
5,1204,DelphineHomes.com,"6,080","6,143"
5,1205,HomeSweetHolland.com,26,106
5,1274,CrossTownRealtors.com,10,49
5,1495,KNERealty.com,30,206
5,1537,SeeChicagoRealEstate.com,"3,048","3,143"
5,1582,DealWithDecker.com,31,120
5,1869,KellyWinterroth.com,21,47
5,1905,KaseKnochenhauer.com,,
5,1957,RedDoorRealtyGrp.com,40,94
5,2010,JeffBurkeAssociates.com,"1,115","1,145"
5,2011,ChicagosPropertyShop.com,"1,664","1,807"
5,2191,TheCrumpCollective.com,25,51
5,2204,RealAdvantagePartners.com,33,184
5,2428,OlgaSellsChicago.com,22,49
5,2459,TallOaksRealty.com,,
5,2470,DwellingsMI.com,374,425
5,2522,RichBassford.com,312,361
5,2533,RoomsRealty.com,305,411
5,2550,CityAndFieldHomes.com,27,117
5,2560,NHEvolutionMI.com,27,101
5,2618,SuburbanChicagoRealEstate.com,24,77
5,2661,MarkAllenRealty.com,69,100
5,2802,DianeRemer.com,30,117
5,2854,FreeGrandRapidsHomeSearch.com,,
5,2884,KoriShook.com,24,76
5,2958,JJPRealEstate.com,20,46
5,2996,MichiganHomeGirl.com,30,137
5,3114,NWSRealEstate.com,539,616
5,3268,LiveAnkeny.com,24,112
5,3278,TeamMatchmaker.com,22,88
5,3308,CedarValleyHomesForSale.com,24,50
5,3346,BurlingSquareGroup.com,"1,226","1,260"
5,3399,HighrisesChicago.com,203,230
5,3493,TheLuxeHomeTeam.com,50,76
5,3517,LoveTheSuburbs.com,27,76
5,3591,OakAndStoneRealEstate.com,77,139
5,3646,RyanHillGroup.com,"1,035","1,148"
5,3762,NexusRealtyInc.com,37,96
5,3801,RealtorChrisKew.com,14,42
5,3872,ChicagolandHouseHack.com,183,282
5,3895,Drake-Jordan.com,31,57
5,3957,MikeZapartGroup.com,31,55
5,3972,EstateGroupMI.com,27,73
5,3982,SearchLakeCountyAreaHomes.com,"1,409","1,435"
5,4031,CityLightsRentalsGR.com,21,47
5,4128,TerryKraus.com,28,50
5,4232,RodgersRealEstateGroup.com,292,354
5,4375,OpenHausRealty.com,"2,114","2,284"
5,4531,MisterHomes.com,596,633
5,4570,HomeSeekers.net,61,84
5,4619,ZokoeTeam.com,23,50
5,4637,MyGrandTraverse.com,58,119
5,4644,TheReloExperts.com,21,47
5,4660,RogersNeighborhoodRealty.com,23,45
5,4709,RodriguezHomes.com,37,86
5,4774,KimValiceRealEstate.com,17,67
5,4900,KillebrewRE.com,22,66
5,5177,LoganFrazierHomes.org,21,65
5,5421,IllinoisHomeSearch.net,21,68
5,5475,KimeRealty.com,363,408
5,5532,CornerstoneMI.com,19,46
5,5536,DillonBradshaw.com,22,44
5,5571,YourNextDoorRealEstate.com,21,43
5,5587,HomeSweetDesMoines.com,27,91
5,5594,OwenDuffyGroup.com,26,48
5,5617,FourSeasonsRealEstateGroup.com,23,45
5,5630,RealtorsBobAndMike.com,23,49
5,5665,MarkKuklaSold.com,11,33
5,5768,Quiaro.com,27,49
6,379,NewJerseyLuxuryRealEstate.com,"4,642","5,369"
6,470,ClearChoiceEnterprises.com,"1,100","1,141"
6,611,TheAkkusGroup.com,305,393
6,670,TheHireRealty.com,642,855
6,683,RealtyOhio.com,"2,741","2,898"
6,770,BondNYC.com,39,71
6,775,KimKovacsAndPartners.com,239,309
6,785,JenniferMeyerHomes.com,178,226
6,945,TheHardestyTeam.com,174,210
6,995,RobertEHill.com,10,46
6,1001,NewJerseyRealEstateNetwork.com,"6,689","7,885"
6,1019,AllNJHomes.com,340,416
6,1090,SearchAllCTHomes.com,83,206
6,1100,NicoleWeaverHomes.com,57,84
6,1169,TheMurrayPropertyGroup.com,29,165
6,1208,PaisleyTeam.com,31,121
6,1217,AlbanyPrimeProperties.com,30,118
6,1237,FieldRealty.com,21,103
6,1324,TheBestHomesInPhilly.com,51,185
6,1353,WuertzTeam.com,16,403
6,1427,VisionRealty.com,299,548
6,1482,MurphyLeeGroup.com,29,70
6,1544,PropertyPeopleGroup.com,27,130
6,1594,1Kbb.com,317,879
6,1600,DouglasAndAssociatesRealty.com,35,115
6,1698,CharlesHartHomes.com,30,57
6,1733,OhioRealEstateSource.com,322,386
6,1746,DonnaLernerHomeTeam.com,30,131
6,1760,ModaRealty.com,29,61
6,1767,CentralJerseyHomeSales.com,30,117
6,1801,GarrettTeam.com,33,146
6,1823,SamCooperRealtor.com,"1,525","1,628"
6,1959,BucksProperties.com,25,80
6,2052,SinatroCompany.com,9,36
6,2113,NJRealtyPros.com,33,139
6,2117,BarbieLiTeam.com,24,63
6,2141,TeamNestBuilder.com,162,287
6,2209,TheTayebGroup.com,32,125
6,2262,ShannonGroupLLC.com,33,160
6,2320,JuneNYC.com,44,94
6,2351,LaneTeam.com,25,84
6,2363,ReidRosenthalGroup.com,31,128
6,2374,GristRealEstate.com,35,110
6,2414,JohnHillHomeSearch.com,34,121
6,2465,VirginiaCorbettHomeTeam.com,42,205
6,2500,CurranGrp.com,21,48
6,2529,SmartHubRealty.com,37,63
6,2607,reEquityGroup.com,,
6,2608,ShyreRealty.com,103,264
6,2629,MigginsRealEstate.com,164,204
6,2636,MarcianoTeam.com,48,77
6,2657,Houses2Homes.biz,21,47
6,2712,PatrickParkerRealty.com,32,138
6,2725,PoconosHouseHunting.com,61,150
6,2738,ChuckBorchersHomes.com,13,41
6,2769,Tami-Holmes.com,26,127
6,2772,NJPropertyExchange.com,112,261
6,2778,TheJoeFallonTeam.com,21,47
6,2793,Vonderau.com,229,278
6,2797,TollRealtyGroup.com,292,392
6,2850,CapRateRealty.com,30,123
6,2858,CliffLewisRealtor.com,195,238
6,2873,KathleenGagnon.com,14,79
6,2902,FirstChoiceRealtyNE.com,20,46
6,2919,HomeTeamSells.com,17,46
6,2932,GoodMorningRealty.com,36,75
6,2939,NYSCapitalRegionHomes.com,21,48
6,2949,ClancyRealEstate.com,24,74
6,3261,MomentumMovesYou.com,41,69
6,3273,MyJerseyHome.com,25,72
6,3301,FerrariHomeGroup.com,27,55
6,3317,JBPrindle.com,208,284
6,3507,YHSGRNYC.COM,36,190
6,3562,GoodLife518.com,22,46
6,3566,KeithSellsRealEstate.com,31,55
6,3622,search.closetohomecincinnati.com,,
6,3673,HudsonValleySold.com,87,178
6,3723,ScottKompa.com,"2,761","2,834"
6,3849,AllureRealty.co,21,48
6,3898,HomeClickNY.com,8,107
6,3963,ThePropertyShopNY.com,25,74
6,3986,CincinnatiRealEstateHub.com,24,49
6,3994,SellingCentralOhioHomes.com,624,688
6,4030,BizzarroAgency.com,"1,148","1,338"
6,4056,PoconosHomeFinder.com,21,43
6,4090,InfinityHomesNewJersey.com,20,44
6,4109,ResMarion.com,11,33
6,4112,CarbuttiRealEstate.com,30,58
6,4203,YourHomeSpotter.com,23,47
6,4224,TeamSayhay.com,20,48
6,4362,DeanClarkGroup.com,19,46
6,4367,Century21ActionPlusRealty.com,21,46
6,4527,EricKucharik.com,21,46
6,4594,MovingLancaster.com,19,63
6,4602,StreetLightRealtors.com,21,44
6,4639,BuckeyeLake.com,19,44
6,4669,TailoredREG.com,24,65
6,4708,AmysGuarantee.com,23,48
6,4714,SearchAllHomesInTriCountyPA.com,23,97
6,4773,RitaBoswellGroup.com,691,751
6,4785,AgentsonMain.com,71,124
6,4926,NewDirectionsRealtyLTD.com,22,46
6,4946,KerriStretch.com,31,57
6,4953,HarborGroupOhio.com,24,67
6,4995,AndrewsGroupOhio.com,21,43
6,4998,KPGBrokerage.com,18,40
6,5011,AnthonyGucciardo.com,23,49
6,5013,TheOhioHomeStore.com,"1,219","1,453"
6,5051,YorkCountyHomesFinder.com,18,41
6,5120,KoehlerMarvinRealty.com,24,57
6,5121,SomdExpert.com,21,43
6,5178,HeartAndHomeProps.com,21,44
6,5199,HomesByGomez.com,17,39
6,5265,HVRETeam.com,15,38
6,5269,StamfordListings.com,22,67
6,5295,LetsFindYourWayHome.com,19,42
6,5306,JRSMorgan.com,22,56
6,5308,HometownRealEstateNetwork.com,21,46
6,5428,MDCLimited.com,20,42
6,5439,SkyLimitRealtyGroup.com,21,44
6,5469,MoveWithJustin.com,21,45
6,5497,CincyHomeFinders.com,21,43
6,5511,CartierCampbell.com,23,45
6,5515,ManisaliRealty.com,6,45
6,5518,Criterion-RealEstate.com,21,47
6,5533,ShawnaBockTeam.com,21,63
6,5538,ColdwellBankerNEPA.com,21,50
6,5589,RonkResidential.com,12,34
6,5596,CentralPAHomeHunter.com,26,53
6,5696,MyHomesInNJ.com,79,109
6,5736,SoldByMichaelGallagher.com,20,43
7,570,DuncanPrimeRealty.com,"2,295","2,530"
7,582,BuddyBlake.com,807,988
7,600,CostelloREI.com,"7,423","7,606"
7,607,BradHein.com,"3,199","3,246"
7,671,RM82.com,19,50
7,769,CarolinaHomeClick.com,31,139
7,811,ButchSaunders.com,28,105
7,848,KWEliteAsheville.com,21,52
7,863,SearchClaytonNCRealEstate.com,495,591
7,912,TheKeyToWilmington.com,19,48
7,964,CRGHomes.com,"1,170","1,328"
7,987,PattySellsNC.com,209,339
7,1114,WardsworthGroup.com,29,122
7,1188,HousesInCharlotte.com,"2,429","2,541"
7,1228,PRGTriangle.com,22,48
7,1433,McLaurinRealtyGrp.com,23,50
7,1451,JeffCookRealEstate.com,"10,654","11,563"
7,1462,TyreRealtyGroup.com,53,170
7,1503,EdHunnicutt.com,24,57
7,1510,HousesofSouthCharlotte.com,"1,105","1,259"
7,1589,AllGoodSoldIt.com,21,49
7,1606,MyIntegraRealty.com,304,381
7,1610,PawleysIslandProperties.net,46,98
7,1671,OurFathersHouses.com,21,49
7,1783,ThePropertyBarLLC.com,21,56
7,1830,SouthernBellLiving.com,163,275
7,1954,RelianceRealtyNC.com,26,99
7,2024,GreenvilleSCHomefinder.com,719,947
7,2120,GregHarrelson.com,"1,253","1,462"
7,2149,PamlicoPrime.com,26,52
7,2225,CampLejeuneNCHomesearch.com,42,73
7,2240,BeckiAshby.com,26,130
7,2261,SearchAllCharlotteNCHomes.com,43,131
7,2306,WinstonDane.com,35,256
7,2312,SloanRealtyGroup.net,21,51
7,2338,CarolinaRealEstateCentral.com,239,281
7,2386,NavigateRealty.com,24,54
7,2536,EmilySellsGreenvilleNC.com,9,35
7,2551,RaleighHomeFinder.com,18,48
7,2561,CRPRealEstate.com,21,50
7,2668,OceanGroupNC.com,17,43
7,2770,HurryHomeTeam.com,19,54
7,2777,DreamHavenGroupMB.com,15,42
7,2818,MasonTeamRealty.com,26,55
7,2846,MatthewLedford.team,30,57
7,2917,RightFindHomes.com,"1,245","1,408"
7,3090,SHJune.com,"5,291","5,496"
7,3164,ManleyHomeTeam.com,19,45
7,3171,TheFravelGroup.com,8,36
7,3192,HopeTylerHomeTeam.com,52,86
7,3288,TidalRealtyPartners.com,18,49
7,3373,MattOneillRealEstate.com,233,395
7,3421,JasonBramblettRealEstate.com,829,887
7,3423,FindYourCHSHome.com,21,44
7,3427,PalmsHome.com,546,572
7,3436,SLHomeGroup.com,23,56
7,3477,AshevilleRealEstateHub.com,14,62
7,3478,AberCrombieAssociates.com,19,41
7,3506,SearchMountPleasantHomes.com,14,36
7,3530,BuyFromRy.com,6,30
7,3548,LivingInGreaterCharlotte.com,"1,376","1,468"
7,3612,SellingNorthCarolina.com,123,160
7,3645,SouthernKeyHomes.com,21,50
7,3672,MortonBradbury.com,18,41
7,3676,ToddHarrisonRealty.com,23,60
7,3694,PattyHerreraHomeTeam.com,21,44
7,3758,UrNextMoveRealty.com,23,45
7,3768,NewPointeRealty.com,19,42
7,3782,ResourceColumbia.com,11,34
7,3805,BrightCityRealEstate.com,22,44
7,3832,TheLongTeamSC.com,30,53
7,3865,AllenRealProperties.com,24,80
7,3901,CoastHomeNC.com,25,49
7,3903,AbeSafa.com,"2,470","2,555"
7,3907,TheRickSabaTeam.com,30,52
7,3973,LangleyRealtyTeam.com,150,191
7,4036,MarleyPresswood.com,21,45
7,4039,LivelyCharlestonHomeSearch.com,24,48
7,4040,SoldByRummy.com,24,69
7,4066,CoastalAreaGuide.com,29,81
7,4145,WilmingtonHomeBuyer.com,21,43
7,4151,HensonCoastalProperties.co,21,46
7,4164,CharlestonHomeSolution.com,24,88
7,4219,TheMillsGroupSC.com,27,55
7,4265,PaulaVargasRealtor.com,29,51
7,4326,BuyCharlestonProperty.com,22,44
7,4346,ChristiHillTeam.com,21,47
7,4440,TheBroadhurstGroup.com,41,90
7,4460,ThePrudhommeTeam.com,46,99
7,4466,KateYachini.com,45,102
7,4470,FindAHotHome.com,12,40
7,4471,RonWoodTeam.com,,
7,4523,HomesForSaleCharlestonGroup.com,22,50
7,4554,StewartGrahamRealty.com,20,42
7,4591,FoleyRealtyNC.com,21,44
7,4601,KiserJettonTeam.com,12,34
7,4647,TheHomeSearch.com,484,512
7,4659,SmithAndAssociatesHomes.com,94,124
7,4711,Sell4Max.com,41,67
7,4723,SaltRealtySC.com,14,37
7,4725,HomesOfColumbia.info,13,60
7,4772,EmeraldHomesearch.com,33,65
7,4825,AceRealtyCo.com,158,188
7,4829,CCAndCore.com,21,43
7,4904,PeterKoutenTeam.com,21,44
7,4912,RobDeatonProperties.com,30,53
7,4917,Wilmington-Real-Estate.com,315,483
7,5021,ElkeSellsMyrtleBeachHomes.com,"4,267","4,460"
7,5030,AnchorREAdvisors.com,21,43
7,5035,SearchTheCarolinas.com,21,48
7,5059,LegacyKeyHomes.com,27,93
7,5160,TheLynnRealtyGroupSC.com,9,31
7,5161,KTSellsMB.com,13,35
7,5207,Kbfisher.com,93,118
7,5213,CapToCoastNC.com,22,45
7,5285,HavenCoastalHomes.com,21,43
7,5316,CharlestonsBestHomeFinder.com,31,62
7,5355,OnecomBrokerage.com,9,36
7,5380,SullivansIslandRealEstate.com,7,33
7,5436,ExploreCharlestonRealEstate.com,13,36
7,5471,CRiceRealty.com,2,24
7,5551,CrewRealty.com,"4,309","4,811"
7,5584,RealEstate-NC.com,21,43
7,5624,SRE.enterprises,12,38
7,5633,TriangleAreaHomeFinders.com,41,63
7,5650,CarolinaPremierTeam.com,20,47
7,5686,BluAxisRealty.com,548,574
7,5687,CarolinaHomeHub.com,21,43
7,5724,HubREC.com,801,832
7,5732,CoastBluffton.com,51,75
7,5776,BryanRicciRealEstate.com,34,57
7,5815,BrendonPayne.com,28,51
8,642,StaciaRosatti.com,203,309
8,664,NashvilleRealEstateHelp.com,"1,668","1,812"
8,702,NashvilleRealEstateNow.com,47,139
8,716,AmandaHoward.com,"2,368","2,595"
8,788,HeroHomesGroup.com,21,134
8,812,JohnQuinnRealEstate.com,"1,130","1,336"
8,829,KnoxvilleHomesTennessee.com,41,166
8,844,ElamRE.com,31,136
8,886,LoveToLiveInKnoxville.com,44,106
8,903,MegaAgents.com,412,530
8,950,iXLRealEstate.com,12,41
8,1011,GreatLifeRE.com,33,148
8,1035,LakefrontLainey.com,25,129
8,1091,RelocateToHuntsville.com,532,580
8,1398,HouseRealtyTN.com,21,49
8,1401,BHHSTaliesyn.com,967,"1,131"
8,1411,TNLiving.homes,15,41
8,1521,UpperCumberlandListings.com,31,185
8,1628,901HomeSales.com,25,134
8,1757,southerncharm.homes,82,168
8,1815,Doorstep-Realty.com,55,140
8,1836,TNRealEstate.com,"2,974","3,156"
8,1904,MissMagHomes.com,32,127
8,1950,LaysonGroup.com,65,106
8,2027,HomesAroundKnoxville.com,379,414
8,2050,BusterCarter.com,22,115
8,2122,LuxeBirminghamHomeSearch.com,31,124
8,2145,JacobSandersHomes.com,70,141
8,2147,MattWardHomes.com,"6,377","6,567"
8,2148,NashvilleTN.house,817,847
8,2205,SearchAllBirminghamHomes.com,18,48
8,2299,JudyMac.com,10,49
8,2425,HomesOfBirmingham.com,16,42
8,2475,HeightsRealtyGrp.com,265,292
8,2532,TheLegacyGroupTN.com,21,47
8,2604,RealEstateKateTN.com,14,79
8,2663,NathanLillyHomes.com,11,37
8,2686,BrentwoodAndFranklinRealEstate.com,53,80
8,2714,NashvilleHomeSearch.com,"1,635","1,764"
8,2798,ParkHillRealtors.com,35,69
8,2816,ExploreMiddleTnHomes.com,7,33
8,2847,RG423.com,6,90
8,2900,ALBeachProperties.com,102,152
8,3063,GustyGulasGroup.com,29,81
8,3138,AcuffWeekleyGroup.com,28,150
8,3193,TNTGroupRE.com,156,204
8,3237,LureRealEstate.com,16,42
8,3315,MidSouthHousingExperts.com,21,43
8,3407,FindHomesinMemphis.com,52,78
8,3435,ViewTennesseeHomes.com,24,67
8,3610,MiddleTNHomeFinder.com,20,42
8,3632,NashvillesNik.com,21,89
8,3635,TheresNoPlaceLikeHomeNashville.com,22,64
8,3737,CoastHomesMS.com,9,31
8,3756,ThinkAlabamaHomes.com,26,57
8,3772,MiddleTNHomeExpert.com,37,66
8,3823,TeamSzakosTN.com,23,211
8,3916,HaltomHomeTeam.com,27,60
8,4014,LeilaniBoulware.com,15,38
8,4018,HomesMidTN.com,17,40
8,4182,GTTHomes.com,16,84
8,4297,GriffinHomeGroup.com,20,64
8,4432,PuttRealEstate.com,8,34
8,4555,TAD.agency,23,47
8,4633,TerriKerr.com,24,55
8,4676,SearchTNMLS.com,21,43
8,4713,TennesseeHomesByAngie.com,12,55
8,4742,OneGroupNashville.com,20,43
8,4766,MyBuckRealty.com,17,61
8,4794,RoseClaireHomes.com,20,44
8,4800,NotYourOrdinaryAgent.com,60,88
8,4809,FindHome.ms,25,55
8,4878,LivingInJohnsonCity.com,11,34
8,4949,TheHHT.com,22,45
8,5026,SearchTenMls.com,22,44
8,5104,WyattTerryGroup.com,21,44
8,5119,Team6540.com,13,36
8,5148,NashvilleHomeAgents.com,366,393
8,5186,BlueSkyRealtyPartners.com,47,82
8,5291,MyNewBirminghamHome.com,28,93
8,5315,LillyRealtyHomes.com,21,43
8,5437,Hyde-Homes.com,12,44
8,5481,BlueChipNashville.com,9,31
8,5576,TNHomesMLS.com,21,43
8,5616,CrawfordWillisGroup.com,26,58
8,5646,ApexPropertyGroup.org,11,33
8,5648,CastilloRealtyTN.com,19,41
8,5659,ARRTNashville.com,19,42
8,5661,KellyWoodsRealEstate.com,998,"1,026"
8,5663,TennesseeRealEstate.io,21,44
8,5671,NashvilleHome4Sale.com,23,45
8,5711,ClearChoiceRealtyTN.com,20,44
8,5741,BPRE.homes,14,38
8,5759,TheTalonsGroup.com,21,45
9,404,SanAntonioTexasHomesForSale.com,366,420
9,412,CainRealtyGroup.com,"4,099","5,719"
9,528,ElevateRealtyGroup.com,116,228
9,546,MyTexasHomeResource.com,"4,449","4,702"
9,638,BrentGermanyTeam.com,621,704
9,649,CornerstonePartnersRealty.com,"3,264","3,353"
9,728,CitiesRealEstate.com,"1,680","1,869"
9,732,SignatureHouston.com,118,217
9,758,NuHomeSource.com,"7,527","9,453"
9,849,DallasAndBeyond.com,485,777
9,887,Livingwell.realty,"3,032","3,622"
9,934,ShopOwnerFinance.com,25,62
9,938,PointsWestAgency.com,31,57
9,942,HomeBuyersClubUSA.com,21,123
9,952,CassandraAndCo.com,21,56
9,1006,Westlake-Home.com,24,53
9,1075,KnoxRE.com,"4,570","4,786"
9,1097,RealEstateInAustin.com,440,588
9,1099,LisaBiddle.com,24,64
9,1187,CyFairRealEstate.com,166,282
9,1195,ReThinkHome.com,20,83
9,1241,SearchHomesInHoustonTX.com,53,229
9,1253,WynneRealEstateGroup.com,35,65
9,1283,DallasHomesForSale.com,51,146
9,1370,ThriveRealty.com,186,273
9,1378,JandMRealtors.com,74,177
9,1405,LeslieMelton.com,15,46
9,1456,EdinsonProperties.com,50,146
9,1459,EdinsonManagement.com,25,72
9,1463,DFWMoves.com,"1,365","1,642"
9,1562,GoodmanRealEstateGroup.com,22,50
9,1583,DFWRealEstateSource.com,23,49
9,1602,ResidentRealtyAustin.com,197,280
9,1623,AustinChoiceRealty.com,22,50
9,1627,FetrowTeam.com,181,365
9,1632,AmarilloHouseHunters.com,25,64
9,1747,LegacyRealtyTX.com,16,106
9,1773,TiffanyCostello.com,,
9,1798,RealtyKingsProperties.com,23,81
9,1817,DFWHomemarket.com,22,50
9,1847,RealtyLifestyles.com,390,486
9,1851,HomeAllianceGroup.com,21,47
9,1863,DouglasResidential.com,21,57
9,1874,GrahamTeam.com,21,48
9,2059,RicardoBenavidesSellsHomes.com,22,49
9,2078,ShopHomesInHouston.com,28,103
9,2190,TxLuxeRE.com,21,51
9,2193,KnieperTeam.com,54,83
9,2199,DallasHomesFinder.com,17,43
9,2215,SellBuyTheLokenGroup.com,20,46
9,2245,AngelaChaney.com,,
9,2288,Search.ByJoAndCo.com,"1,125","1,171"
9,2339,BlackSwanRealtorDallas.com,67,139
9,2392,ModernRootsRealtyGroup.com,16,44
9,2415,SarahPadgett.com,12,39
9,2435,TexasHomeBuyersAndSellers.com,19,88
9,2623,HomeSweetHomeGroup.com,34,278
9,2628,SoldByCBRealEstateGroup.com,"1,198","1,297"
9,2645,CoastalBendRE.com,24,74
9,2646,NilesRealtyGroup.com,,
9,2656,TonyaPeek.com,552,580
9,2687,HampsonProperties.com,38,77
9,2729,JWilsonHomeSolution.com,19,84
9,2753,BrownsteadRealEstate.com,723,819
9,2760,TheKinneGroup.com,141,172
9,2763,BlackJackRealty.net,139,187
9,2792,LivingInMcKinney.com,238,269
9,2817,HarrisonWade.com,21,47
9,2824,Effective.realestate,31,90
9,2838,ResideDFW.com,"1,275","1,420"
9,2894,TexasConnectRealty.com,18,48
9,2915,SearchNorthTexasHomesForSale.com,38,80
9,2968,ClearViewEP.com,22,101
9,2984,MikeAguirreElPasoRealtor.com,8,64
9,3108,CassieSpearsTeam.com,7,77
9,3151,EverythingDallasRealEstate.com,114,293
9,3160,ISoldTx.com,21,47
9,3162,GregSpearsRealty.com,22,70
9,3188,LoneStarReal.com,30,119
9,3197,YourDFWRealEstateGuy.com,13,41
9,3230,Paul4AustinHomes.com,16,86
9,3297,LindaWelshRealty.com,10,60
9,3321,VintageOaksRealty.com,26,93
9,3349,TylerHouseHunters.com,235,320
9,3365,JnTPerezTeam.com,51,134
9,3374,SignatureHomesRealty.com,24,63
9,3375,DavidGarciaTeam.com,20,44
9,3391,KerriReynolds.com,30,113
9,3439,EllisCountyHomeFinder.com,27,116
9,3492,TheLesterGroup.com,22,47
9,3511,RafterHRealEstate.com,9,31
9,3540,CitySpacesDFW.com,313,386
9,3542,TheMoorheadTeam.com,19,47
9,3629,RoseGroupRealty.com,21,43
9,3711,Dwell.realestate,28,124
9,3720,TippsRealEstate.com,35,57
9,3828,LetsMoveHouston.com,17,39
9,3866,TenthAvenueRealtyGroup.com,21,43
9,3875,PathwayToHomeRealty.com,27,91
9,3991,BrightHouse-Realty.com,19,41
9,4025,HelenFordRealtor.com,23,56
9,4047,8265300.com,15,47
9,4115,PenaElPaso.com,20,45
9,4133,TaylorRealtyGroup.com,20,117
9,4187,BrianBurds.com,20,45
9,4244,JakeMooreGroup.com,12,40
9,4304,FritzRealtyGroup.com,67,98
9,4311,JillSmithTeam.com,28,64
9,4340,WoodRealEstateGroup.com,18,55
9,4412,CentralTexasHomes.co,122,145
9,4451,FindLeagueCityHomes.com,61,88
9,4479,TheScottTomanTeam.com,8,50
9,4578,TheFulkersonGroup.com,11,33
9,4620,NathanJordanHomes.com,21,43
9,4750,RoseAboveRealty.com,21,46
9,4770,LambertTeamSA.com,23,66
9,4782,AbracadabraRealtyGroup.com,20,43
9,4816,StewartAndJane.com,18,40
9,4828,HoustonMLS.com,63,127
9,4858,RobbieEnglish.com,401,621
9,4875,Austintatious512.com,74,109
9,4897,CollinsRealEstateGroupTX.com,14,57
9,4909,EmertonRealty.com,21,45
9,4982,BrooksMorgan.com,8,31
9,4986,Century21IntegraTexas.com,52,78
9,5004,MyHomeSA.com,20,46
9,5027,HyggeHomesAndLand.com,20,42
9,5135,SearchHomeSinWaco.com,21,43
9,5156,RoseRanchRealty.com,21,46
9,5171,TXRealEstate.com,33,136
9,5174,DixonRealtyTeam.com,28,71
9,5181,SucreRealty.com,21,43
9,5204,ReynoldsRealEstate.org,3,28
9,5214,TheSaraviaGroup.com,20,42
9,5221,HoustonHomeSales.co,21,43
9,5275,MarkLemmonsGroup.com,20,43
9,5343,BigCountryRealtyGroup.com,13,35
9,5346,TheHamiltonRealtyGroup.com,24,67
9,5382,HomeAndLandGroup.com,22,49
9,5385,FindMyDallasAreaHome.com,21,45
9,5388,VineRealtyGroup.org,20,43
9,5403,TheLippincottTeam.com,9,31
9,5435,LuxuryPropertiesOfDFW.com,27,71
9,5450,MikeWelchGroup.com,24,67
9,5472,CastleTeam.com,21,44
9,5502,XALTRE.me,17,40
9,5512,WinWithFRG.com,21,46
9,5517,MelikaEzazi.com,24,67
9,5572,TheGilbertRealtyGroup.com,23,47
9,5573,GreaterHoustonRealEstate.com,21,43
9,5591,MyPropAdvantage.com,21,43
9,5603,AnnWeaver.com,21,43
9,5618,PapasanProperties.com,26,48
9,5673,MaryJonesHomes.com,10,32
9,5694,TheLindseyBartleyTeam.com,16,42
9,5707,RentNowTX.com,48,77
9,5772,RogersTeamDFW.com,21,43
10,568,LonnieBush.com,316,409
10,608,OceanCityCondosandHomes.com,283,377
10,709,MDCRealty.com,22,62
10,755,WashingtonDCRealEstate.com,539,622
10,771,BeachLifeOceanCity.com,"1,052","1,185"
10,783,TheSpearRealtyGroup.com,604,746
10,818,The2020Team.com,263,300
10,862,CoastalMobile.com,127,161
10,1107,CoastalLifeOC.com,141,201
10,1134,ViewRichmondHomes.com,10,41
10,1181,BurrGroup.com,24,69
10,1185,BuyNovaRealEstate.com,21,47
10,1201,SandraKLibby.com,50,80
10,1203,DayHomeTeam.com,319,395
10,1291,ShopBaltimorehomes.com,49,155
10,1350,BuySellInvestProperties.com,"1,265","2,405"
10,1367,TREG.com,"1,709","2,172"
10,1442,AnnapolisDigs.com,"2,473","2,647"
10,1476,ValorGroupRE.com,33,131
10,1500,ReedsRealEstate.net,44,158
10,1514,TheLuxDwelling.com,26,55
10,1529,LocalVirginiaHomes.com,223,314
10,1540,ThisCityIsMoving.com,27,96
10,1603,MovingToPA.com,64,191
10,1631,AliciaAndCompany.com,30,121
10,1663,GTHomeFinder.com,39,90
10,1720,GuevaraGroupHomes.com,28,164
10,1748,Realty4VA.com,19,45
10,1749,OurFairfax.com,37,107
10,1759,WestOcRealEstate.com,54,95
10,1780,DavidNygaardProperties.com,29,82
10,1794,CentralVARealty.com,21,47
10,1808,BeachResortRealEstate.com,489,539
10,1887,CarolynYoungTeam.com,56,166
10,1897,DonnaKerrGroup.com,17,186
10,1908,RealEstateHomeTeam.com,453,569
10,1913,PCSmoves.com,165,210
10,1923,BurkentineHomes.com,19,45
10,1947,TheDomusGroup.com,21,52
10,2012,CondosAndHomesOceanCity.com,17,43
10,2039,RoanokeAllStars.com,17,43
10,2040,RoanokeRealEstate.com,181,257
10,2077,FoxesSellFaster.com,"5,142","5,407"
10,2090,PerfectHouse.com,56,97
10,2175,TheFineLivingGroup.com,293,459
10,2201,KristenRoberts.com,20,129
10,2282,TheOldfatherGroup.com,461,823
10,2368,ExploreMDHomes.com,585,741
10,2393,YourDCRealtor.com,121,190
10,2398,MarylandRealEstateAdvantage.com,"1,756","2,049"
10,2412,MyHaven.homes,27,96
10,2493,PropertiesOfRichmond.com,17,91
10,2526,RoysterHearthGroup.com,28,112
10,2576,ZiemerRealEstate.com,70,126
10,2659,AMWRE.com,22,77
10,2681,CraigRosenfeld.com,31,136
10,2730,SherineMonir.com,18,86
10,2899,Kiesett.com,38,216
10,2941,AweighRealEstate.com,43,73
10,2978,FairfaxCountyCondos.com,61,90
10,3019,TruxTeam.com,28,77
10,3080,OurDMVHomeSearch.com,34,195
10,3131,ABWRealty.com,31,133
10,3139,CasalsRealtors.com,16,47
10,3260,InmanHomeServices.com,17,40
10,3357,KevinRaadRealEstate.com,27,53
10,3376,DebbieChilds.com,29,55
10,3390,CoastalLifeDelmarva.com,17,41
10,3402,VStarRealEstate.com,34,59
10,3411,DCMetroRealEstateTeam.com,21,43
10,3463,SimpsonRealtyGroupRVA.com,26,88
10,3614,DawkinsResidential.com,10,33
10,3656,ElliottReTeam.com,19,85
10,3667,757Realty.com,413,447
10,3748,TopRealEstateAgentInVirginia.com,,
10,3781,JeremyFieldsRealEstate.com,8,32
10,3908,TheMcManusTeam.com,6,29
10,4050,ShepherdHomesGroup.com,22,45
10,4059,AvetBuilt.com,,
10,4069,NicoleReedRealEstate.com,21,45
10,4092,StephenDoHomes.com,29,51
10,4126,RealEstateCIG.com,20,42
10,4173,JeffreyFowler.com,"3,808","4,017"
10,4231,GreatestMoves.com,"1,007","1,121"
10,4249,DMVREA.com,23,60
10,4279,ShawnLittleTeam.com,184,231
10,4280,SimplyTheBestHomeTeam.com,29,51
10,4301,KevinDeckerOC.com,22,44
10,4314,AtlanticHomesCompany.com,67,126
10,4454,VAHome.com,22,95
10,4562,KarlMillerRealty.com,12,38
10,4635,CherylHomes.com,41,67
10,4640,LiveMontgomeryCounty.com,48,70
10,4674,PCREHomes.com,21,53
10,4707,YourKeysMD.com,23,66
10,4844,EnvisionVAHome.com,21,74
10,4867,JimTalbertResidential.com,21,43
10,4915,ReshilowRealtyInc.com,35,91
10,4978,HomesToHeart.com,21,43
10,5000,MissionRealtyVA.com,21,44
10,5065,SellingNoVAMD.com,20,53
10,5087,ILoveLivingInVA.com,22,46
10,5088,KindHomesNova.com,25,47
10,5194,SellMyHomeDE.com,13,35
10,5263,ChristinaRice.com,32,57
10,5282,MarylandLiving.co,30,78
10,5286,BlankenshipPropertiesVA.com,62,85
10,5288,RonAndFlo.com,21,43
10,5312,WesternPrinceWilliamLiving.com,84,129
10,5333,WilliamsburgPropertyExperts.com,22,49
10,5340,HamptonRoadsBestLiving.com,21,44
10,5359,MyMoveDCMDVA.com,28,91
10,5363,LifeInCharlottesville.com,21,43
10,5401,ExploreVAHomes.com,22,56
10,5406,MoveIconic.com,54,86
10,5451,CastlerockREG.homes,15,38
10,5510,PorchSwingHomeTeam.com,32,96
10,5513,HomeValueWWT.com,21,43
10,5526,SoldByHouseToHome.com,20,49
10,5562,AbramsHomes.com,38,87
10,5598,KathySellsTheDelawareBeaches.com,12,34
10,5600,BestMDHomeSearch.com,23,45
10,5623,InletRealty.com,1,24
10,5643,BethanySellsHomes.com,740,764
10,5685,LuxuryCapitolHomes.com,43,72
10,5691,RealtyGroupCV.com,8,30
10,5715,DMVReimagined.com,138,177
10,5738,VirginiaPropertyManagementGroup.com,1,23
10,5739,JenniferMackProperties.com,93,132
10,5766,HartHomesRealty.com,10,32
11,419,CalgaryListings.com,"14,519","14,815"
11,441,BarkerHedges.com,480,589
11,573,BestEdmontonRealEstate.com,"1,939","2,032"
11,577,YEGisMoving.com,"1,671","1,742"
11,580,JoshLavik.com,920,993
11,598,FortMcMurrayHomes4Sale.com,229,272
11,665,EdmontonRealEstatePro.ca,324,496
11,772,DawnWalton.com,27,92
11,822,KelownaCondos.ca,213,294
11,840,JoeSamson.com,860,918
11,873,MedCityHomeFinder.com,554,590
11,880,LeungRealEstate.ca,195,275
11,926,CalgaryOpenHouses.ca,8,37
11,972,MyVancouverListings.com,437,553
11,989,HomesOnVancouverIsland.ca,48,77
11,1047,CalgaryLuxuryRealEstate.com,"2,547","3,073"
11,1048,CalgaryHouseFinder.ca,261,539
11,1084,VancouverHouseFinders.com,"1,061","1,089"
11,1103,KelownaHomes.com,112,166
11,1126,VancouverIsland.realestate,31,126
11,1141,HousesCalgary.ca,29,85
11,1159,SearchMidwestHomes.com,25,61
11,1171,OthenGroup.com,33,147
11,1214,VancouverHomeFinder.info,23,94
11,1285,ViewHomes.ca,"4,778","4,960"
11,1298,NLHomeFinder.ca,179,278
11,1310,StJohnsLife.com,26,102
11,1328,SearchVancouverHome.com,19,66
11,1344,AtkinsonTeam.ca,28,88
11,1348,TorontoPropertyHunters.com,29,59
11,1360,MNRealtyTeam.com,21,59
11,1412,KOSRealtyGroup.com,23,50
11,1416,DiscoverYEGHomes.com,397,433
11,1555,WineAndWaterCountryHomes.com,20,47
11,1650,EaganRealtySearch.com,158,231
11,1669,FindEdmontonHomes.ca,629,724
11,1737,TheBriggsRealtyGroup.com,10,37
11,1738,MoveToRochester.com,21,43
11,1840,VancouverIslandRealtyGroup.ca,35,162
11,1849,MyKamloopsListings.com,21,72
11,1852,BuyYegHomes.com,22,48
11,1918,YYCHomes.net,812,861
11,1953,YEGPropertySearch.com,21,47
11,2074,EdmontonRealtyExperts.com,360,391
11,2088,PGPropertyShop.com,34,87
11,2140,WeKnowOttawa.com,286,405
11,2184,CalgaryHomeFinder.com,"1,557","1,862"
11,2313,GreaterTorontoHomePros.com,"1,554","1,705"
11,2315,RobGrey.com,32,60
11,2453,AvenueRET.com,20,49
11,2462,TheMcKayTeam.ca,82,118
11,2549,CanmoreABHomes.com,40,77
11,2621,MoveFaster.ca,"1,235","1,657"
11,2626,RenardRealtyGroup.com,24,54
11,2639,TheSolomonGroupWI.com,21,75
11,2716,NanaimoHomes.com,92,134
11,2745,CityNest.ca,245,339
11,2762,HauptRealty.com,516,584
11,2826,SoldTodayEdmonton.ca,15,42
11,2837,NowRealEstateGroup.ca,30,141
11,2877,HousesInCalgary.ca,415,461
11,2883,ExploreEdmontonRealEstate.com,27,95
11,2886,TheHomeTeamWi.com,11,49
11,2983,CalgaryLiving.ca,202,228
11,3007,ViewBrantfordHomes.com,41,139
11,3029,HomesRegina.ca,98,156
11,3075,RedDeerRealEstate.ca,"11,678","11,978"
11,3084,TRRETEAM.com,22,48
11,3107,RareGroup.ca,64,108
11,3112,MichelleFraser.com,72,107
11,3117,TheLegacyGroupWI.com,20,46
11,3137,MNHomeSearcher.com,20,48
11,3208,AffinityRealEstate.ca,15,51
11,3234,SeeVictoriaHomes.com,26,71
11,3322,TayloredRealtyTeam.com,21,46
11,3370,CapecchiAndCompany.com,26,144
11,3428,Edmonton-Real-Estate.com,537,676
11,3461,JoelAnderson.ca,23,46
11,3499,BenKomro.com,5,34
11,3575,RealLivingHomes.ca,423,514
11,3582,JCRealty.com,91,125
11,3659,NiagaraHomePortal.ca,"2,376","2,530"
11,3698,NanaimoRE.com,65,99
11,3719,TrueRealEstateMinnesota.com,44,69
11,3752,KernickHomes.com,153,178
11,3802,ShirzadRealty.ca,20,44
11,3839,MNElite.com,33,59
11,3867,PropertiesWindsor.com,18,40
11,3874,SeeOttawaHomesForSale.com,20,43
11,3882,HouseHunterPros.com,22,44
11,3896,YEGPropertyPros.com,10,31
11,3928,NorthlandRealtyMN.com,,
11,3947,JenniferSipkens.ca,193,236
11,3968,VancouverCityHomeSource.com,15,37
11,3974,TRECMoves.com,195,220
11,3977,McLarenRealEstate.com,200,247
11,4105,OkanaganBC.com,55,192
11,4134,NexxusGroup.ca,63,155
11,4146,TwinCitiesHomeAdvisor.com,19,41
11,4170,SKumar.ca,26,73
11,4300,CalgaryHomeAndCondo.com,25,76
11,4316,JondahlGroup.com,27,50
11,4345,TiffanyHoltz.com,19,153
11,4350,SellOrBuyInEauClaire.com,21,62
11,4374,FultonRealty.com,22,56
11,4381,McPhersonSistersHomes.com,17,39
11,4385,SahotaRealty.com,20,43
11,4416,YourEdmontonRealEstate.ca,27,75
11,4443,DallaireRealty.com,781,818
11,4495,TeamPinto.com,1,23
11,4510,Relor.ca,31,59
11,4514,HalifaxMetroHomes.com,24,69
11,4541,DwightStreu.com,315,427
11,4595,HomesByDevon.ca,21,43
11,4626,RebeccaMayhew.ca,21,43
11,4648,OnTheMarketOttawa.com,21,43
11,4671,Patt-Handlon-RE.com,25,49
11,4686,ExploreHomesCalgary.com,12,34
11,4692,Yellowknife-RealEstate.com,4,27
11,4716,BarrieAreaHomeSearcher.com,31,98
11,4718,GSBLuxuryHomes.com,20,44
11,4724,GemmaHobbGroup.com,21,45
11,4726,CalgaryCityListings.com,20,42
11,4727,PreferredHomeTeam.com,21,48
11,4744,YEG4Sale.ca,53,82
11,4755,ShiloStorey.com,16,41
11,4799,DanielMedina.ca,58,104
11,4812,MontrealRealEstateJournal.ca,,
11,4824,JasonClarke.ca,42,74
11,4848,EdmontonRealEstateSearch.ca,"23,247","26,503"
11,4930,LuxuryRealEstateAlberta.ca,23,46
11,5069,KathyWelty.com,21,45
11,5070,AucticInvestGroup.com,58,89
11,5086,JayHancockRealEstate.com,21,45
11,5092,HouseInEdmonton.ca,21,43
11,5110,WestenEliteRE.ca,165,206
11,5131,PropertiesNiagara.com,16,38
11,5188,Team-Eli.com,20,91
11,5196,TeamJalal.com,10,33
11,5201,TorontoHomeLocators.com,21,44
11,5206,ElevateRealtyGroup.ca,524,553
11,5231,HukamRealty.com,18,42
11,5276,RemaxCrownCalgary.com,20,43
11,5313,FluxRealty.ca,13,38
11,5347,ManojKukreja.com,128,155
11,5353,ExpressHomes.ca,92,147
11,5368,LivingOkanaganLife.ca,11,55
11,5390,TheAntonovGroup.com,"5,234","5,296"
11,5400,APetersonRealEstate.com,21,43
11,5408,WeSellCalgaryHomes.com,195,242
11,5411,ViewProperties.ca,21,68
11,5438,FindYourHaven.ca,412,462
11,5446,neuHouzz.ca,117,176
11,5489,YegHomeSearch.ca,19,62
11,5557,CalgaryCityHomes.com,24,45
11,5560,MoveToTheOkanagan.com,18,48
11,5604,HomesInCalgaryAB.com,22,44
11,5628,RealtyExecutivesSoutheast.com,21,46
11,5684,TheBPRExperience.com,21,47
11,5771,YourCalgaryListings.com,17,38
11,5796,LukasMatheson.com,21,42
12,279,HomeToIndy.com,"1,203","1,408"
12,458,TuckerRealty.com,105,154
12,478,ElkhartCountyListings.com,914,"1,003"
12,483,FCTuckerEmge.com,"1,673","1,850"
12,616,TheFurmanGroup.com,"1,073","1,118"
12,633,IndyHomeExperts.com,56,92
12,685,IndyHomes.com,"1,089","1,343"
12,832,StreamlinedRealty.com,116,234
12,836,CallEllis.com,24,112
12,904,TheLyonsGroup.com,27,102
12,1231,PattonHall.com,263,"6,825"
12,1242,TheRGroupRealEstate.com,34,155
12,1618,RealIntegrity.com,25,52
12,1890,CarsonLowryRealEstate.com,37,94
12,1989,RegionHomes4Sale.com,32,155
12,2330,EvansvilleHomeExpert.com,21,47
12,2719,PinnacleGRS.com,28,97
12,2845,877CallNick.com,9,35
12,3159,IndyWiseChoice.com,25,68
12,3482,BethHoward.com,23,87
12,3710,EvansvilleRealEstateSearch.com,20,48
12,3790,DreamHomeIndy.com,21,43
12,3869,Chain-Realty.com,15,37
12,4439,KristenYazel.com,22,45
12,4607,Click-RealEstate.com,29,52
12,4638,ListWithNikkiEVV.com,21,64
12,5375,CapsHomesNWI.com,20,42
12,5679,MyHomeIndy.com,23,50
13,543,RealSourceBrokers.com,"1,125","2,239"
13,559,IntownElite.com,336,421
13,648,AtlantaHomesToday.com,163,306
13,675,PinnacleRealEstateGA.com,24,52
13,678,PremierAtlantaRealEstate.com,812,986
13,708,JustAtlantaRealEstate.com,22,59
13,746,JennySmithAndAssociates.com,32,81
13,940,RealTallRealEstate.com,49,130
13,954,MiddleGeorgiaHomesForSale.com,17,52
13,959,AtlantaLuxuryHomes.com,73,143
13,963,HomesForSaleTeam.com,"1,252","1,343"
13,976,RichardsonRealtyTeam.com,4,47
13,1145,OmegaHome.com,"3,706","3,753"
13,1219,GetMooreTeam.com,46,146
13,1234,ShannonSellsTeam.com,312,396
13,1238,TeenaReganTeam.com,20,51
13,1290,NewHomeInformation.com,22,50
13,1391,NorthAtlantaRealEstateVoice.com,36,151
13,1568,ABanksRealEstate.com,15,42
13,1682,PremierAtlantaHomeSearch.com,23,121
13,1774,DrewBrownRealtyGroup.com,181,228
13,1910,AtlantaHomewise.com,21,47
13,1985,SharonBlackRealty.com,113,217
13,2365,AndoraRealtyGroup.com,27,104
13,2427,StormsPropertyGroup.com,27,56
13,2510,ExploreAtlantaRealEstate.com,57,146
13,2693,WatkinsREA.com,136,169
13,2711,SignatureChoiceRealty.com,34,148
13,2787,TeamLong.com,21,95
13,2807,22OneRealty.com,21,51
13,2822,DouglasLaneGroup.com,38,90
13,2856,LakeOconee.realty,21,54
13,3054,PremierC21.com,9,36
13,3120,del-SlTest2.xyz,,
13,3203,AtlHomeAdvisors.com,13,40
13,3368,FayetteAndCowetaHomes.com,17,42
13,3386,JoAnnKeahey.com,29,92
13,3431,HomeSearchATL.com,21,48
13,3452,TheLynnRealtyGroup.com,30,52
13,3652,HermesRealtyGroup.com,20,44
13,3671,MoveWithMeganCox.com,30,121
13,3730,BRealThomasville.com,28,55
13,3892,BestNorthAtlantaHouses.com,23,44
13,4186,JustinLandisGroup.homes,292,333
13,4271,PropertyProsAtlanta.com,21,58
13,4277,TheAllPointsTeam.com,21,67
13,4414,AzureRealtyGA.com,17,39
13,4630,TheGastonTeam.com,21,43
13,4776,KoltChristopherHomes.com,,
13,5034,SoldByMRA.com,22,53
13,5103,JourneyHomeRealtyGroup.com,20,48
13,5150,GreaterAtlantaAreaHomeFinder.com,17,42
13,5329,BarelaRealEstate.com,22,46
13,5362,OneHausRealty.com,14,60
13,5374,ColumbusGARealEstate.com,73,101
13,5493,MoveToCantonGA.com,17,83
13,5549,BodafordRealty.com,24,51
13,5710,SouthAtlantaLiving.com,20,42
14,562,MySeattleHomeSearch.com,424,503
14,575,FairbanksHomesForSale.com,42,232
14,585,PugetSoundRealEstate.com,"1,847","1,995"
14,696,HousesWA.com,497,565
14,865,LevainTeam.com,25,58
14,870,FindHousesinOregon.com,26,54
14,1128,FindKitsapCountyHomes.com,18,55
14,1220,NWPropertyShop.com,14,73
14,1244,HillshireRealtyGroup.com,17,55
14,1316,TheEastSideRealEstateTeam.com,231,280
14,1334,WeKnowPortland.com,"1,164","1,450"
14,1341,SeattleRealEstateCentral.com,513,575
14,1359,TeamHappold.com,30,123
14,1361,TriCitiesHomes4Sale.com,8,43
14,1399,PNWR.com,927,"1,002"
14,1487,PortlandAreaProperties.com,36,133
14,1565,SearchPNWHomes.com,23,49
14,1667,MyJonesRealtor.com,14,40
14,1788,DonnaRobertsGroup.com,27,119
14,1813,RealExpertsRealty.com,22,50
14,1841,EvolutionRealEstate.co,28,93
14,1946,GreatVancouverHomes.com,915,964
14,2044,PortlandRealEstate.com,"2,851","3,209"
14,2271,JulianAndCompany.com,32,65
14,2295,FinePortlandHomes.com,87,277
14,2449,PieceOfPDX.com,37,76
14,2647,RexMont.com,"2,182","2,411"
14,2651,MuirEstates.com,19,46
14,2717,HomeProHouses.com,22,43
14,2773,PacificWolfRealty.com,98,137
14,2794,ExplorePNWHomes.com,17,43
14,2872,WilcoxRealEstateWA.com,25,73
14,2905,JohnLScottBallard.com,21,48
14,2992,RealtyPortland.com,692,748
14,3003,OdigoHomes.com,19,45
14,3111,HomesByStrand.com,"28,914","29,785"
14,3169,CarlsonandCoRealEstate.com,34,82
14,3345,BeachLoopRealty.com,14,39
14,3385,GileGroup.com,25,91
14,3551,NickShivers.net,22,44
14,3601,FarrGroupNW.com,118,216
14,3899,EveryDoorRealEstate.com,44,84
14,3917,SchmerRealEstate.com,21,43
14,4020,VannoyHomes.com,16,42
14,4051,DuncanRE.com,20,43
14,4070,RossNWRealEstate.com,20,47
14,4430,FreedomRealEstateSpokane.com,24,71
14,4465,TheMackayGroup.com,19,43
14,4717,jagrealty.net,20,45
14,4760,BellinghamListings.com,30,70
14,4831,AlchemyRealEstate.com,37,169
14,4886,HomeTeamREPros.com,22,44
14,4921,907Properties.net,21,43
14,4959,CashIsKing.com,,
14,4988,PNWHomeListings.com,27,51
14,5081,LaneCountyHomes.net,50,88
14,5100,TheAmandaHoffGroup.com,25,47
14,5145,PNWLuxeHomes.com,22,44
14,5192,PNWResidences.com,934,985
14,5326,UpperLeftHomeTeam.com,130,152
14,5386,DulayHomes.com,20,42
14,5407,HomeSearchSouthSound.com,15,37
14,5490,WashingtonAndOregonHomes.com,20,45
14,5544,CaringRealEstate.com,"15,209","16,378"
14,5568,PropertiesPNW.com,6,28
14,5586,NorthwestHomeTeam.com,21,43
14,5660,NWHomeTeam.com,18,66
14,5670,LivPortland.com,22,338
14,5764,PNWHomesGroup.com,20,42
14,5791,PNWLuxuryHome.com,22,46
14,5809,AmberBillsRealEstate.com,16,38
15,654,Boston2.com,152,266
15,657,KeyRealtyServices.com,"2,974","3,210"
15,674,SignalRealEstate.com,"10,309","10,862"
15,894,MassNeighborhoods.com,"6,281","6,408"
15,1038,AnthonyJosephRE.com,22,50
15,1051,RedDoor-RE.com,28,119
15,1111,WorcesterHomeTeam.com,21,48
15,1161,PremRG.com,"2,137","2,306"
15,1374,Rania-Elsherif.com,"1,342","1,553"
15,1410,NHRealtyGals.com,32,126
15,1635,SellInBoston.com,"1,226","1,477"
15,1683,MegardRE.com,29,100
15,1868,LyvRealty.com,25,54
15,1927,PamPerkinsRealEstate.com,44,87
15,2096,207Prime.com,26,124
15,2181,TurcoGroups.com,150,243
15,2257,YourVermontHomesearch.com,31,123
15,2291,SouthShoreHomeFinder.com,,
15,2337,DarleenLannonRealEstate.com,16,104
15,2349,PlatinumTeamNH.com,,
15,2541,WeKnowRhodeIsland.com,27,95
15,2600,MakeMaineYourHome.realestate,24,111
15,2658,StephanieSalerno.com,29,74
15,2678,RachNH.com,26,73
15,2922,CodyRohland.com,30,119
15,2955,BostonMetroHomes.com,42,68
15,2998,CoastalNeighborhoods.com,"2,404","2,505"
15,3202,SKDRealEstate.com,24,119
15,3302,HomesInThe603.com,21,44
15,3401,LegacyFineHomesMA.com,21,45
15,3538,JimBlackSellsHomes.com,25,76
15,3636,TeamDano.com,22,60
15,3688,DempseyTeam.com,27,93
15,3732,DavidLenoirHomes.com,11,38
15,3738,DavidSampsonGroup.com,30,114
15,3811,WalkerResidentialProperty.com,27,92
15,4120,TranchinaRealty.com,21,43
15,4193,C21NE.com,57,142
15,4227,StreamLineREGroup.com,25,52
15,4312,FourPointsRealtyCo.com,14,36
15,4677,NHRealEstate.com,"1,370","1,504"
15,4745,TheMcCarthyGroupRealty.com,72,94
15,4784,MoorRealty.com,58,88
15,4840,KimMarionRealty.com,23,47
15,5009,ApexSold.com,21,45
15,5127,CloseWithTheBest.com,21,55
15,5142,KelseyThompsonTeam.com,21,51
15,5304,HubRealEstate.io,22,46
15,5321,TheMassRealtor.com,11,33
15,5325,GoodrichBoston.com,11,34
15,5396,NorthOfBostonHome.com,480,508
15,5430,KingRealtyGrp.com,20,42
15,5675,LongRealtyInc.com,17,39
16,795,FirstSourceRE.com,17,68
16,813,RussellvilleLiving.com,51,157
16,937,LimbirdTeam.com,26,126
16,1266,BradfordUdouj.com,23,52
16,1506,Oxford38655.com,"1,881","2,142"
16,1915,BatonRougeHomePros.com,229,325
16,2179,LafayetteHomePros.com,77,166
16,2574,lawton-home.com,24,110
16,2783,StroudAndAssociatesNWA.com,10,59
16,3394,GleasonLA.com,15,37
16,3450,McgeeScott.com,21,47
16,3763,HospitalityRealty.net,18,39
16,3858,FindNewOrleansAreaHomes.com,20,42
16,3946,SpringHillRealtyCo.com,7,30
16,4302,TheSanduskyGroup.com,16,39
16,4830,Service1stRE.com,24,76
16,4908,360RealtyOK.com,22,47
16,5117,HomesteadRealtyCO.com,"13,919","14,114"
16,5140,CapstoneHomeTeam.com,23,45
16,5656,HopperGroup.com,19,62
16,5770,Agent225.com,12,34
,,Total,"680,098","828,488"